7.310718870643086,13.281666349894936
-3.055723630223845,-4.472408363346898
2.6957722324930806,5.511389843140519
-5.5497599623138,-9.14376253705475
-3.1342180637771992,-4.65643884978078
9.911365424571144,17.80890938192213
-7.936292625642276,-12.851804367712242
9.673549917786548,17.273082678153308
8.390832702886929,14.99947520542276
-7.286341104118708,-11.663798161204413
4.787907414970672,8.852320104897325
3.7494865711824055,7.241664636981668
0.9276490150453611,2.571480629612696
5.98701709146493,10.946204326444375
1.9292198701728296,4.174878495284511
1.9055723458932476,3.785929995574171
-4.722802590835236,-7.24147646392002
-2.563779055291924,-4.02716498193484
-1.5536571170544704,-1.923000611046228
-5.804824496284193,-9.134447739606177
-3.479116435402969,-5.080068529871005
3.2003251840320743,6.287086829306131
-4.280870480294037,-6.772797544047201
1.9888761397408334,4.136657391933118
-0.5521046812961039,-0.2285100106258921
-4.285566747535803,-6.611252858738523
8.266657303456249,14.824150553488447
4.5584090082971365,8.46699878601466
3.8189872711916557,7.198734119718843
5.792869523986628,10.903631122320016
4.530694536711984,8.422961882289803
8.299178890002196,14.94401807705781
-9.152972989426445,-15.038059572967866
1.1960693997849159,2.5602848958296
-2.6282171812203448,-3.7478599057667044
7.643918115595277,14.166035972217816
-6.831120158408277,-10.997743487686886
9.28126725114576,16.964917800909134
8.057662529921899,14.521402937617813
-3.658404454981654,-5.5875991165087004
9.884720914541841,17.72980737498745
-2.4501445418906886,-3.4153191156560863
-1.6454921750629552,-2.326076932896344
2.958882441114362,6.053690011170045
7.713489827356234,14.101322771405579
-0.9951634417881685,-1.2757616061961183
5.833530258403094,10.582838024922694
-1.3269604621534743,-1.6669388456958452
8.19364649175316,15.065760046321387
-5.845001430976029,-9.180930761283127
6.685700833733275,12.437828214386604
-6.9937909738287996,-11.193597116376152
-4.97499917104596,-8.055579254944497
-4.717067723616147,-7.194748606573793
-0.4310587467993976,-0.2586588715340038
-3.3740576117904464,-5.030312327410819
-8.911113708764402,-14.941628219140133
-4.250503708499651,-6.650356740302184
-1.9341164624126588,-2.6210426841842605
7.013092151855826,12.785173298139794
-3.6024242592044793,-5.337697118309203
-9.683092965218878,-16.07048760476827
5.004024885657774,9.41933683271755
3.710917363529962,7.304817086102718
-5.058662473522659,-8.18456024589996
-2.3814445025668345,-3.182743428772321
-6.58503361671527,-10.659773408431363
-8.56582661264227,-13.980094529464509
8.341814558897138,15.066683125765405
4.346656004712674,8.033660689902016
1.1512360283848455,2.8519979989064645
1.843389224134775,3.9254446334687705
-3.545960679082225,-5.657277060141647
-3.464310734457552,-5.349171243555817
-1.034507172655271,-0.9116557275463315
5.760159099437503,10.499156451555217
-8.351501263838506,-13.865031911520141
-1.6613579643390857,-1.949852537689186
6.149199440434252,11.05835775217668
8.287211019739765,14.907661215438884
1.621399344737478,3.5148874706965034
6.305714368297938,11.616879348712404
-6.701409286183464,-10.792213180246895
-7.680582189095107,-12.405403323323833
5.90829043145181,11.190269683553694
6.075139360684634,11.058341575041357
1.0810106722885102,2.80120744519449
2.8613963376606932,5.7554546399166755
-9.045683448358655,-15.010885113362647
8.895685183043994,16.264676915621738
-4.143138229715852,-6.51103384167874
2.753001560543458,5.5161167085761615
-3.1266830751526857,-4.871191044501144
-1.990441088179411,-2.8073941859633096
8.65140681354373,15.621426174694479
5.478902348827614,10.278815377016736
5.19999494852086,9.639981363339537
-3.184403350493799,-4.902254948631096
-9.891787690075072,-16.419284162349403
8.524602449784389,15.444171578868193
5.482371209045031,9.984632818983835
9.772696755174536,17.528696695912547
-0.675049554690677,-0.705638920294036
-2.6891625182135392,-3.779746031071079
-8.380825629136545,-13.671682356674483
-9.039370893176276,-14.798295080499923
5.529991809803764,10.235479159885106
-8.224372663210445,-13.539776344122123
0.5885334277732497,1.8897867402666928
-6.5756299102221005,-10.429690806795577
-7.595732294820772,-12.697158789558719
-3.207159634899323,-4.767535921736757
-2.4614533916242687,-3.641358780769976
-6.6498182416547795,-10.62626363328553
-1.903497925600151,-2.8060926502065153
0.8823428470108645,2.092355500069033
7.784923216263529,13.92282301280215
-7.018907777596657,-11.566270099159974
-3.0294611355459438,-4.399804571132571
-8.853382736509639,-14.486555879030012
3.611083908487238,7.205905869155374
8.176544486929224,14.683383416400195
-3.0346142520140447,-4.499832786558621
-7.8732570801470825,-12.722959879638324
4.863680724904265,9.193509675363314
-6.852777965146803,-11.384225178803971
6.0077875649068595,11.276960074292205
4.1069429379437405,7.983272127124223
8.820685817369668,15.848318674318563
-3.9010880531940906,-6.2061953223982025
-5.773756246968578,-9.415094436474849
4.5861216562707074,8.604636285403634
-7.265349970585486,-11.757032653768954
5.70712766881168,10.41184334604819
2.9382437080342605,5.664105684406328
-5.521052810578135,-8.932888446843643
-5.163236597472118,-8.13241543979284
8.668048482520245,15.525692783169296
6.600379534942647,12.179996587171964
7.134906679502496,12.7457947182848
9.266915918857723,16.72336957244081
1.9514320197809383,4.0866443694614585
8.172683126830517,14.856714010455269
-5.690886554553661,-8.983807977228306
-2.9291153496399724,-4.211414747588607
1.5651489889694954,3.1217092003238625
-9.23636291316864,-15.254674855733455
-6.989944629686519,-11.248450056887613
1.6036449080617121,3.3509516217012694
-5.63918093870853,-8.810588548213538
8.288529431741406,14.95174133887543
-7.22510922350801,-11.832173363517319
-4.648583873148963,-7.343080218518061
-8.550465295737567,-14.27567319422982
3.1966753836363964,5.929704999276058
1.0045428563897651,2.663337889410899
-5.42582651344585,-8.71706336717264
6.769742357704505,12.250734945468293
-2.945899844412163,-4.203850555821604
5.0838783390908855,9.511931107228255
6.959891434104506,12.907227173866936
-2.7148445352319595,-4.205903182622136
-9.327120892894802,-15.559994801888637
-8.697793494974686,-14.167925914687128
-7.099380324446598,-11.395623170568827
4.509580452422959,8.674584671652084
-0.5083158130694514,-0.3758689536479292
6.176256149620915,11.099837695711392
-7.983776042882114,-13.133674371847453
-3.117008041412106,-4.536295007100953
-9.695067018737797,-16.30225824858661
-4.14566870181967,-6.485469748174138
5.277566537947049,10.064595257373997
-3.289437710988521,-5.041482680902521
9.33798452111321,17.011943595479597
-0.5978558513370391,-0.4065762526688351
7.99588413605013,14.763661101997819
-6.442735887945656,-10.673184019826182
0.344532856922255,1.4224555533522345
-6.189753295401188,-10.033702185499799
-0.2903844341608739,-0.038083032353802865
-4.61280508747703,-7.091157208803633
2.569959873383638,5.04282899860683
5.7762231306483525,10.890815224563752
4.7917347403081845,8.865630754704542
-3.6524833646645316,-5.6666172939646655
-9.039552501697726,-15.106618397553717
1.5491360889220989,3.2479218971329247
-7.244141595971579,-11.699761982717018
3.0802178345106697,5.7369236830010335
-5.086490390063165,-8.17636902980054
-6.420125232468504,-10.703452925710865
6.974529153939759,12.459961502680118
6.838970547974,12.47729064015815
5.843517905656199,10.586912046057277
1.1075655712664414,2.6383455430396094
-2.6074332095947046,-3.9680894814725822
-1.3613971134685077,-1.5697303997124257
8.178145347989396,15.107967273945025
-9.58702534258899,-15.747712330210227
2.271989613971108,4.475084147508779
-3.438624835680435,-5.297881802896875
-7.667624161134537,-12.78775399342398
6.273657613520179,11.398986776692615
-5.567046408532659,-8.841648461849317
-2.1506156266625958,-3.3197668446529054
-0.22824950867934035,0.15904395914378713
-0.7453461039326292,-0.5508367351876438
-1.4353856980437847,-2.022861625424148
-6.23418742958135,-10.118883814697707
3.5186747611548785,6.703936387151816
6.81212057593903,12.618582216155371
1.8830437080765012,3.8748318024268893
-4.75463373821202,-7.684290518813966
9.87195301208277,17.589912528848274
3.5653391080779944,6.933612197039741
-4.760497727255646,-7.82289744368202
4.702234069389821,8.732355679217386
-2.2586166916613255,-3.2815727466275253
8.97762024829673,15.993022851213606
9.414848264347416,16.827718562063755
4.287915107241565,8.372283088247219
-6.397775201089528,-10.583166092500871
5.7050892239847855,10.469884360487455
2.906225862893649,5.813834171604682
-2.49329980967185,-3.8529217912236366
6.702724594872585,12.158320359393544
8.793286286094812,15.842456917047885
-9.356876138849138,-15.518010027997862
8.841590156354272,15.812221986750632
8.190924322355805,15.019282176185396
7.845755455544474,14.16826500001842
-7.817710352284171,-12.97619785739986
-9.349868019314053,-15.78110514197025
9.744630954447985,17.341418520164446
-8.646022824842401,-14.180772053283112
1.6900688067888598,3.746660694584947
-5.021531128034413,-7.98859871301128
-9.916558210167981,-16.23747989519914
9.502900900982315,17.259402991066935
6.806407382246334,12.212945142191717
-2.8066526493624577,-4.264749863765015
3.9808683466287214,7.356529875027851
9.009306727721487,16.321103634597602
-1.761856431295385,-2.099355945920062
4.648618067290668,8.738283038562198
-8.514446338453403,-14.100580750487111
4.819039274132425,8.771868092752491
3.247313184871432,6.323018130047671
-1.8225562788525664,-2.764349064125246
9.47576467973159,17.223668712703482
3.0269522287434913,6.116279610453749
-4.429908253376125,-7.031606204666134
5.56492306513154,10.322933268561968
5.7379152974794785,10.7402341688623
6.160865961143145,11.183090132901286
9.126824135708965,16.52923616763337
2.679210813352748,5.169303415743691
6.624044504945381,12.373214872158215
9.407950714329395,16.74592892846032
-9.877033330509864,-16.36154994046728
2.849780423821013,5.8345592331904275
0.13300093354839504,0.7107398782639814
-0.7708621940917268,-0.6580442931089865
3.91030272049475,7.476984272812405
-5.172986300592168,-8.511524508870203
-7.301264938150842,-11.828127491424844
-0.25721777914803745,0.15344994487072794
-9.508163965522037,-16.034378441339737
4.737434178888211,8.77345882872647
0.642636719047573,1.7818554508321076
3.058564769456593,5.788048663419213
-6.34826818735037,-10.497536569588943
-3.0126899308807165,-4.417006527852842
-7.238486726699831,-11.862121799425404
4.631827022317022,8.661345117314518
-5.05432750184732,-8.202717844516869
-8.001079164688804,-12.891076687090084
-9.666506226201314,-15.964644047094072
2.6028932287361854,5.146253509004376
8.95471480796888,16.21044120405258
-7.789092491761247,-12.866979875706543
-0.9630448516129313,-1.2515530518401778
6.909779686199823,12.671083231842594
9.192217081457525,16.726285921271668
-2.1482351190930826,-3.270359922802453
-2.934318725072737,-4.385196899387968
-0.39979923904446224,0.13322992829395436
2.6979008155815425,5.454411422281736
1.7756302922714706,3.6134017996959655
7.435706973791813,13.338574035209867
-3.2645736085990196,-5.041886257555829
-0.5314691684039001,-0.1725309001340105
1.0340104788979367,2.3579089233177815
-4.24688267910466,-6.79263200013438
-8.691581719792733,-14.384804046992667
8.923722799061416,16.013347279289203
8.101861280386608,14.561776622360279
-5.791808505455338,-9.149943792022274
3.8104245371464973,7.476704418549194
9.11898473067594,16.269762923043977
5.892205163189885,10.826291307425446
3.2709704868413745,6.386792791571502
-6.701367301762184,-10.824823426595573
6.356080650665817,11.811441368142127
-5.767594425870772,-9.285736407296538
4.24445596705084,8.041640637686456
3.687242818122451,7.210240315072439
-5.541768717283253,-8.698063254386003
8.536867242156571,15.493123808300478
-7.663864393906863,-12.520354807303068
-7.46785469441398,-12.169332262563422
3.1055464594582567,5.840782571860114
-2.7964730777087627,-3.8677504522460806
1.6206303680003415,3.2167112025313505
-5.118208670085556,-8.29496063611723
-1.5708248608123299,-2.201245136148002
-9.389567971617069,-15.60155105590921
6.3281198111397,11.665495072909975
8.413646934095269,15.418766958203424
2.5057104603852594,5.163044576183985
2.108169753085061,4.2683164469850094
4.431768001295255,8.302647987197256
9.48824285113973,17.18872153068188
3.728010409568018,7.2946706985879155
-7.18599345342553,-11.775457047204355
6.000328459709895,11.097678012691143
-8.437669403379296,-13.813252174490353
-1.5508936954441577,-1.8378852273327801
6.761839378025854,12.670019869114913
-2.554398201522618,-3.522754786315193
-0.7895695847326323,-0.6811126520584214
-0.024064724787271174,0.4947521114136042
3.878787549853568,7.6490314571019065
-7.240015204247348,-11.99652308312853
-9.019452466821933,-14.793697235347704
4.669300382262055,8.81892470596302
-1.1717270804259012,-1.2429259318966026
-9.122967162673088,-15.061589435651175
2.789514697272155,5.32409716840873
-6.860383147395874,-11.114778679484358
-7.263745759352136,-11.869005634043425
-2.1286092539898727,-2.756078648815597
1.8964230166594014,4.151611576545254
9.236739182602118,16.61056674958603
-1.31277615353007,-1.7094359088128497
-5.28333417510408,-8.41186853630647
5.437260461868327,10.304793371826744
-4.68538805712366,-7.532256007859617
5.918967793721636,11.15521788403644
1.6601631004685231,3.4227635049145952
8.740577931549844,15.955441772606516
2.105230721611907,4.074910833333645
-5.406624623595957,-8.864614797481053
-4.762721900548907,-7.585603231353064
1.1812716178725573,2.8753844634629013
-5.670913196539377,-9.394495613102801
-5.086440037257152,-7.822218923291798
5.240617702703279,9.65889589071317
1.806379649087246,3.560956186931116
1.2449452149773617,2.7937900030928686
7.024915936890515,13.09769347489941
-7.715917359762945,-12.920658182445923
-1.7293390174792087,-2.5653008203584067
-9.9272965683996,-16.333132121763242
7.537200322102343,13.474090262203632
-1.1940591593350405,-1.396537460610288
-9.651138080152602,-15.719169480957714
1.6812454167182,3.697690776361871
0.21293009618086067,1.1596891006555485
-0.5521144170811088,0.010720217312522262
6.820835986961804,12.52967563104349
-8.696947853152059,-14.302938260320781
-2.2018239938951156,-2.9550146441130094
1.4023642525082476,3.047289519128668
-7.583555047362003,-12.668438599121549
3.259065404572185,6.460920400095844
9.217541991387673,16.79601193765822
-7.283508140413176,-12.002187768587962
-6.241878214393408,-10.049841650536063
5.12322781432257,9.786969182767175
6.007367826480664,11.313708583555854
1.271965673945525,2.79293238144683
-7.462138230730149,-12.15895842070354
2.590472978997333,4.98019481677614
0.8306921891848482,2.1316979403828733
3.598185173431629,6.704068166595847
-4.202623341750657,-6.867374996541498
1.9684946905608172,3.794585879232659
-8.11989449169329,-13.549686634689099
8.367721806573215,15.065140894799306
-0.819141413725113,-0.6395634876573875
-6.550899052326629,-10.442037568848109
-1.9157186609505814,-2.642764375787369
5.271669413534623,9.53726532044988
-2.376095882869828,-3.1611011738162427
9.198342525962914,16.577787167282747
-3.7542021701707595,-5.7613500670695705
3.294857538006312,6.2881133932513205
4.07823644056162,8.020878596911533
-6.424777912879724,-10.659866304836418
3.9974162276519856,7.329166467965265
1.5342149047518472,3.26306289951421
-9.664567550544735,-16.210254163590648
5.662023162232934,10.710324760923749
-7.0293176959355685,-11.195814729177036
3.220624865511965,6.112301427377427
6.658503169386552,12.131997890614018
-6.5605425895839575,-10.79682626715242
-5.8637176500411625,-9.610717926987776
-5.369452371797843,-8.627442150382244
-9.193128544577934,-15.495071416618243
9.84450936339939,17.777859372212024
8.160083171503427,15.096618218660387
2.7582547653499248,5.657951620504749
-1.0509987067050286,-1.1214399394311396
-5.168607640059459,-8.26609156126672
-8.209817099633938,-13.599947059380684
-6.653737042220262,-10.598631479075951
-4.516160391459707,-7.028907709447714
0.29115020298611505,1.247616056256923
-7.443063354017938,-12.487616821572658
7.277388831748539,13.226904161355415
-4.21609999988616,-6.698667131837117
-4.781593799286739,-7.778282610892957
5.774999325983714,10.428006007792504
-4.79650486051288,-7.522805330951017
5.880786925768772,10.872774706282232
6.361212559926312,11.746428408305148
-2.066125722799077,-3.124341661115343
-4.659474580260943,-7.19983497981719
9.467511942912733,17.292298700411177
-0.6563055227762185,-0.5231659156600511
-0.8342203877153089,-0.9278285257408088
8.716661434929005,15.589441155498761
2.597817703420981,5.2068642334633575
6.86487119610679,12.85285483693118
1.6060229387292235,3.5346915045321174
2.8315732483856326,5.465323452671026
-1.0902850983926538,-1.042382169814247
-1.868815955609426,-2.430401188777356
-0.6200015183923124,-0.35839557778428716
-7.584236123017398,-12.180543753558045
-9.018656211627095,-15.06749846313799
-5.867442539749819,-9.234208436618728
9.611853919907848,17.236594100357358
-0.358404509808544,0.021664695551104285
-2.00898575488456,-2.7548126344794888
2.7116830824738862,5.322144393911545
-9.791998840600655,-15.989271054329752
7.284156421448994,13.552304578893043
-0.27483322702178725,0.27979993564853295
8.735761565089526,15.873336684985857
9.975216175248224,17.653069176766575
8.677514574379973,15.570567504697685
-2.347611663214259,-3.0957956534326225
-4.194661703000804,-6.637157726682585
7.398566895275771,13.720500404762511
-7.125214742406238,-11.5575820544904
3.145275830976397,6.1104545240939
1.0460349451256317,2.725623807222664
4.143071281090549,7.7738821489192285
-1.5093280883501219,-2.1570897057588634
2.963647923294104,5.871753788966615
8.181167208910878,14.696469387401816
-6.284225267200689,-10.204804218959158
-9.550425100877028,-15.552688395341544
2.2793172270697664,4.567105895899159
2.8233542948838206,5.7977306469924
6.71014343720373,12.553985622198562
0.2855942154780102,1.0091729808196104
-6.923828105921865,-11.127088649373034
-6.430434789230651,-10.723218013171449
-2.069742348545147,-2.9959677737647805
9.520276913896954,17.250310469119423
-7.292912571868473,-11.909726261995381
9.318749697250041,16.501658776427824
-0.8826875442364361,-0.8249799015479724
5.2685338008525395,9.5823681208058
-4.40482410070487,-6.899459932608298
3.397714818474828,6.441272617808916
5.100701685497459,9.742700021555047
-3.254809558261247,-4.922945706048063
-1.4959874379403697,-2.0729932506625186
-2.2493419746356524,-3.2411491764291944
-6.393646448070413,-10.670793849450487
1.4809310981921957,3.298785917913415
9.547607841369366,17.017820751840222
9.09906293963569,16.410396222160937
0.872366221367658,2.3861279344083597
-7.372645541698315,-12.203116217297096
-0.13803928485520878,0.29876489467979184
4.900414033481894,9.287769867425448
-7.916680267152327,-13.147320748612824
-5.813178148499071,-9.370972316044599
-6.848641849834314,-11.131204262019281
-2.4264403199371394,-3.3331389019377893
3.4519642772363888,6.947076916509278
-5.894033671684149,-9.680691298323072
-0.21029294264628184,0.09324530758095124
-6.1480720955115125,-9.992267580921796
0.0071338356800545455,0.7432327753330268
-2.95572907467119,-4.194645049163349
-4.11675398242644,-6.6763963758840355
5.565130225617878,10.364395509790874
-9.335908843757995,-15.509701496701204
-8.24968510795184,-13.473046981329128
-2.448303163819121,-3.596271173078219
-4.13746163515623,-6.666514864631418
6.444342153224593,11.597525880833146
6.648887216589863,12.364976350803586
-6.88970861214758,-11.30163401581431
0.4863856752363347,1.574367316025378
-8.798331743404844,-14.24608947672655
-8.765791066977167,-14.607055702469788
-8.228716988554819,-13.725705165478855
-1.8021259902254236,-2.2768709175311828
4.8276502561337775,8.809356378743091
6.391205139075986,11.579877162928021
7.788855203768463,13.961718306220433
5.212356510487677,9.603858771440049
-0.8262574552886157,-0.806775773130447
-5.509828840821607,-8.768555570206109
-1.2650389740107943,-1.2259741748968993
6.434416646990279,11.533106028662392
-5.028683866762867,-7.913944335708346
6.518461472846312,11.713807923545575
3.3505666277513786,6.195039931582759
5.349494737422724,10.215818274373285
-6.250029239356416,-10.110154415428172
6.753641816679721,12.194678463389389
3.193268436778599,6.417757260911092
-3.9378200854243817,-6.2651272442908095
-4.696882439996635,-7.266046554804983
-0.3544456173687127,0.1671041033159894
-4.550614009409404,-7.292913555826962
-8.81982088868874,-14.4743186478005
3.6645375542374232,6.922812111309535
9.912473073260308,17.975918450188953
2.124992341505685,4.460366520346068
-5.436645465296657,-8.559530822476688
-8.205112825352074,-13.651963681031257
3.438342224071839,6.536414208562429
-2.899136603498416,-4.363672750776421
-6.627717772077675,-11.051823109581765
1.8108491971106506,3.8183706216527304
0.6341674866971019,1.6009808399217111
-8.42700970480873,-14.009938671875393
6.444609800341972,11.988701930609457
-0.695660887665408,-0.4816435730368431
0.7611644288988213,2.2573303817614248
-7.702994686822211,-12.395271717987594
2.2071098037777865,4.290035813878544
-3.4736522526819087,-5.49522544839862
-1.0118315238995752,-1.3271242863987958
-9.833340000658454,-16.549328614523212
0.002680258457603557,0.919368438769451
-5.827361865081819,-9.701293275111675
-4.265318664957012,-6.474666660315055
-7.837891011894751,-12.830874231658877
1.4812060249341652,3.0596537219849593
-6.893620853489335,-10.976693990094468
8.939252746989208,16.12284740499385
-3.3503916835020515,-5.203539079125713
2.4442631691329417,5.100223426414505
6.029253521855246,11.015438869351277
-2.0505406576192424,-2.6968117054735345
2.6425477172157574,5.103627967615481
0.19287609319273358,0.7249025771804002
1.1875004917767136,2.8646756786250847
3.133242442156856,6.0693729494299795
-1.0626956440807955,-1.3798933256660866
5.7541063461655195,10.750388269885287
-4.693897670889397,-7.675891522379261
0.6837204047545207,1.606477080854386
5.717935059634334,10.760468858267863
-5.306960053921708,-8.60192112945349
4.664918937613198,8.780584044046172
-1.5666620878145316,-1.9995802317152531
-3.5655496434105522,-5.3472455357329824
8.913913018244543,16.247715325551802
-5.675853639276385,-9.081276311685206
9.68754535141882,17.735759981066888
-9.897401315548874,-16.591064142272714
-3.752694579610411,-5.7698624661349065
-3.2018761318370403,-4.700554120403022
-4.539472637221682,-7.323132318060986
6.679979268392678,12.015651920747812
-9.149187966209187,-15.330486078265064
-1.0434898203791132,-0.9986077071711225
-5.059568316851446,-8.08807181884665
-4.329983196177181,-6.651010112925983
9.059793721739261,16.079340438386037
4.382426814579347,8.421830596567988
9.58203054838635,17.4735983676708
8.73657487967553,15.812853824644957
-9.420688827132214,-15.75317287511594
8.312244097004179,14.79247657242296
-5.737984416197788,-9.424809092881963
6.250548834063736,11.737480470106725
-7.535452410494779,-12.347715196672494
0.4325219017373243,1.252048493677515
7.573823547028976,13.946135665781703
-0.6644844671720112,-0.5633117781545446
-1.390493813145481,-1.8684187480546033
-5.376176918936741,-8.682845640107937
7.85930029042229,14.199274167130708
-3.5978184569797804,-5.414914321022854
-6.794338522547108,-11.35793148599204
-3.9994949418265158,-6.2049115243576
3.608024161667041,6.887723401419537
-9.105659967054455,-15.291963178370208
-9.439395477585341,-15.420302817394695
-0.37940757266547465,-0.005139675704298519
-4.524881925179207,-7.275611088612973
3.580619056850347,6.631117235278783
3.228029109054013,6.2511634865492045
1.554174471101696,3.229044043782507
9.733385573597829,17.42386515542628
7.7531238121007355,14.390293841762558
5.417346059735822,9.910365394528835
-5.5548269322605925,-9.023915628773125
-0.37583774747063003,-0.02837727341742388
-3.7534156861047503,-5.609363026555949
6.452277027269378,11.96404468732928
4.116062337085115,7.98711687761753
4.25618763219839,7.87397737094394
-5.234373528917244,-8.382209753777193
-5.6941616918506295,-9.174255204795806
9.695563670925338,17.554798020786958
7.9283311911790335,14.536050043013985
5.14286910655999,9.39369077540365
-8.51346378965738,-13.984351284468202
6.635288773077413,12.234960778366851
-0.9210602399215961,-0.884710033740345
-9.690999447102662,-16.12067912583668
-8.245976812055517,-13.287735763727623
3.1632899274850637,6.008273604953419
5.3833077811100605,9.966687444171876
6.233506636420472,11.53379967758135
-0.5848494550219545,-0.3661506767505777
0.8312454996469061,2.277336276331584
-2.7630198721170913,-4.020767369322028
-9.99373985197823,-16.41609803622587
2.4919246135701236,4.695992818662846
2.077184383329776,4.105114545749062
-1.165734325769403,-1.2909153948461454
5.2520951992364004,9.951023835893906
9.35104888911528,16.849466283773616
0.11271582970453231,0.9934558542550136
7.362311176284347,13.419749644261909
0.15179904376816644,0.7764339000864688
-1.9996337158219113,-2.627452957103378
4.827445306040323,8.855447579765062
-8.743644837223105,-14.473594843411526
9.864633514128155,17.658779908940623
-1.8563405850360564,-2.674345828174232
9.494689948363654,16.832662811710993
-3.0850596282838367,-4.788858324187196
-1.9390799990348384,-2.5246070918519
2.5281549694141106,5.182995758721784
0.823553779584218,2.225114536836852
7.664227637851532,13.758076843140119
2.524895582231361,4.973171133890662
-4.185912848981131,-6.323122660836119
5.972526398664918,10.78322066318613
8.85432492438915,15.837361253067757
0.44736371180526646,1.2698613551516185
-5.544180517394224,-8.637554248954203
7.092071702692394,12.994537364526995
-1.0036083567194538,-1.1967558930720226
-6.309430820625597,-10.366538118703364
7.337175397001868,13.58928850378201
-9.352117807995404,-15.529988424125964
2.4223707890431925,4.593882099043588
4.268466715789497,8.339350388533454
0.8250516913430097,2.219903210726681
-7.699121790354098,-12.879820916940131
-3.3312780703888105,-5.380815100446202
3.2633436487490677,6.603723676214341
3.940126702920141,7.5019509115122585
-9.918924591150887,-16.54025353277643
1.9851170049063356,4.269938287113081
-3.895970871577523,-6.142485885049201
0.9585242394270939,2.3440665790706787
2.943487673499636,6.017810783572597
9.514137607227987,16.93573966272563
-7.643146959329834,-12.590456595400678
-8.239119469165125,-13.371955522390035
-0.907201139361284,-0.7856568489436292
4.2148794465738355,7.7874597487503205
-9.225286115220124,-15.167543715014107
-4.727256662365276,-7.55346031491438
-2.2293941750134882,-3.1398377934213646
2.689174760176215,5.466138218917382
-7.106713201825308,-11.564143933741422
8.737687086171078,16.061031312450055
-6.166414982032236,-10.109637746479583
7.996136788851295,14.447744237039617
6.056064854601512,11.257175098178042
1.521353788177155,3.4838608432637455
-3.6393614226477737,-5.8345746035646755
-6.800510922818832,-11.163668947387285
-4.067853058847382,-6.522818726370427
2.8045987993972847,5.5224314982695875
6.880637128361645,12.389312848193011
-1.5614721878203675,-1.8487392423021336
-8.31000537689166,-13.589131425654806
9.364207107708985,16.97840677234547
-9.919419812057196,-16.270514151500322
5.184903661515941,9.37909420918985
-7.010056862543728,-11.401442030675488
4.498510061603723,8.546444743041981
-6.381549334053506,-10.16296795802671
-9.64202085175943,-16.029101047343353
-1.930104652863239,-2.630570188388355
2.216197035798631,4.547377534267888
5.00335454241714,9.482038619376782
-8.454068620619573,-13.660454504790879
8.204419414000558,15.090106974056118
-0.8517480703465647,-0.8124222657332489
-2.099065975187928,-2.9853313196130253
8.697202611405164,15.540102976081306
-6.225929651930677,-9.924075766138012
2.0301697302711226,4.235219029483121
-4.4680237804233975,-6.852938168752645
-3.2325682271445277,-4.824617474066245
7.015603564143031,12.632267576723839
0.5456543568421459,1.7212170489984087
4.322897221100469,8.44368989349991
-1.1056191159026962,-1.0898103268030412
-3.9421256734122405,-6.284483552540293
3.867773063342055,7.571425319570368
-7.023439395789315,-11.747897516596813
-0.8473378778867904,-0.5601218408077496
-0.09727249214346756,0.7771684968726329
-2.0240132309392216,-2.536494904063748
-1.3411726678378084,-1.8123012295950203
-8.673983613278573,-14.251057254214505
8.797494631248764,15.878798893844344
-3.1919274115617764,-5.017669734946798
-1.859407064305234,-2.6189821346894933
0.9923135684829081,2.6460205782673434
-4.616441589809641,-7.439609971363216
-7.472629656111895,-12.35399673290784
-5.502662019936546,-9.040765924920853
-6.718952388427621,-10.967340862803056
6.012121318647832,11.064899511898863
4.770532755733456,8.681532532149905
5.857338668409044,10.624084676019667
-4.421785809039451,-7.153511246827345
4.457722081759856,8.176780775122337
-4.321155464710433,-6.7274658544839365
8.806832342489578,15.88358159853705
-5.449263243322797,-8.774617790602093
5.55587586645953,10.560362286772188
-8.221382732699032,-13.775695420394756
5.563972871068321,10.147360951214594
5.788997865004815,10.49558565171005
5.046480468868841,9.347857100763287
-1.307026771619885,-1.8535726843530511
1.583612239048115,3.4646953285482187
-1.8000497019998676,-2.384559582006028
-6.394522361809085,-10.372010824022894
-4.5456174807240535,-7.107436693071831
5.91658867881633,10.967203429153628
6.085041447564581,11.409627294346791
-5.2788975695061175,-8.452747564391665
-0.8162918126732137,-0.922761738869313
7.829569323656479,14.072945952293372
1.717657500864938,3.6226476740420397
4.039789459336351,7.642146043763593
4.731176619694645,8.938900527267744
-8.824946429151137,-14.429127473503812
6.789532537222279,12.226912515941965
-6.9347750489772615,-11.13388704126379
5.5694126562939275,10.13906967788753
-2.545507499029231,-3.7493418315395926
-9.660502910183173,-16.15316179196681
7.439668345179026,13.744387643420005
-3.246686021142027,-5.054773839764386
3.9477622987202565,7.529944594006131
-9.393897169803623,-15.704132564051745
6.838473644215707,12.39341325318261
-1.2168145334950644,-1.7101891399035332
-2.613470570932135,-3.5632616832084145
-8.119909642668885,-13.477297196960132
8.665805626372077,15.893034684012068
4.360599973860422,8.38072829017249
-5.395086739896094,-8.543239572788693
-8.349630595018237,-13.761859078342463
-8.29678171671218,-13.93832723047582
-8.17663560498085,-13.43323453956514
0.794601001474577,2.114399309723007
-0.7364191881935476,-0.4672738595659359
-6.324710193430441,-10.258111140538317
-1.6667540485766636,-1.9389032999946925
-0.7682992051452882,-0.8773689095271645
-8.15512447501317,-13.562294121504822
8.486287327366703,15.273383887935575
-6.646397361849717,-10.884491406211307
-6.624492466617175,-10.689101391978213
3.03319382731258,6.151853231727478
-8.214606113790026,-13.347578214285534
0.6833307744798311,2.1305198820457583
-4.8498168191741104,-7.495253523766135
-2.595133407419434,-3.625065206205257
0.8304820962686339,2.4150082300824725
-7.195306374600296,-11.783082828012393
-3.655905455955062,-5.926970947504109
7.637711227956665,13.69133949898166
1.1881043640182973,2.4945653711880587
-1.0490388046265977,-1.2339028702308985
-4.735897612351902,-7.327307156147571
-3.4087178038235706,-5.008536512590368
-5.412825069192007,-8.945971341023618
-0.4284610051663673,-0.04372762888349391
-5.082827951939963,-8.037371479409217
5.332937013055261,9.72214650414899
-1.3914607689268355,-1.7542203611353888
9.587801960754025,17.535563659832867
-6.516949469668849,-10.374772443592127
-6.901339069004719,-11.344815603493009
-7.255497164236568,-11.623265783111174
-4.223598831928408,-6.86187989620675
2.4773603910273696,4.698932765377795
4.019088592577365,7.404149983585031
0.6343932613642274,1.7931013408047125
-1.5057439601642635,-1.893241109609514
-0.5321315264060349,-0.20064163563575144
1.0104859556866543,2.4953201049890525
9.986748370315016,18.135093682217235
-4.807236559444035,-7.465216576646716
4.040747813892946,7.46115741699419
3.8172441699876103,7.172151198790739
3.094630675672491,6.046639562462268
-6.087183220302941,-9.795273453822732
-3.294414861531598,-4.808218971853571
2.60642151057149,5.0716578699656045
-6.60003929516797,-10.61921277688228
-4.691705341694991,-7.484817176178436
-5.248296169013882,-8.208883928302113
3.175784167083606,6.139861544810657
-6.717225208816915,-11.16923360375509
-7.195521267754332,-11.67896669459254
1.7877796962229464,4.050754059697646
0.3582643494983486,1.0509881412691
-5.405963687999728,-8.645983827726152
1.8269755185244243,3.6707495246270567
-8.997734890306093,-14.917681705579037
-3.4484909705582716,-5.53862333039924
2.5600584893519844,5.071376178619042
-0.9947119267613402,-1.2353803860569936
-1.0767075312104346,-1.1472415470398887
6.806881677697323,12.325501006388635
-1.6808400838772624,-2.2321250721721593
-1.854813407582693,-2.4237314088574906
-6.604805834201017,-10.450638821327153
-5.173484401254762,-8.305257691871757
7.345792683101969,13.54477016287305
5.075846658486311,9.399658157226243
7.8077773076817465,14.257413572826048
-2.2228451621636935,-3.0819993972513884
0.3669272137128665,1.5512625567115585
9.536665726752872,17.202248458703345
3.709284449054543,7.02757055765331
0.7894847748724736,1.9337603264952294
6.731706750749737,12.450110797328854
7.698065980570494,13.807114588108218
6.768450281062115,12.170332451500999
-5.67229450309251,-9.186069106498886
0.5787708107536638,1.71545534478195
-2.6599417345315963,-4.058084895430002
0.5436940351559816,1.7712026852928253
-5.35236682393168,-8.617197051136632
-8.39000104554567,-14.036305399801465
1.1212485861006698,2.5369922785334507
-6.067783866007613,-10.058419906968593
9.261135718708424,16.553447616020957
-6.907582804991335,-11.380397541635258
4.696388018264649,8.812543744693608
1.5461049313851802,3.4965978677411886
-0.3045698965180872,0.3256143399830457
8.46501013786208,15.594785204996409
-1.873957222958074,-2.3530339406721503
-3.84433240120374,-5.90149451504608
2.317997401286627,4.7330758710809775
1.6705102263815483,3.4089400433892028
-5.904626147306313,-9.42497478136957
-1.2902368797373533,-1.632883222603894
5.578805143141599,10.05190195849868
-2.408906125945278,-3.614034330148884
2.5246581797179974,4.925835376468564
-4.596178981945018,-7.177914696676198
2.0859458436066163,4.274225393931958
-5.3861999586060865,-8.535647084425584
-3.3191997856225086,-4.769866801469744
-5.133257174618939,-8.469544431298427
0.5655545297978932,1.9051429915172449
6.1564462843935,11.425243638971784
-2.315345605191279,-3.5247755229727926
5.506269240759082,10.000971773987109
6.518325081715005,11.941734466978863
8.47937946573753,15.407583966619539
-0.7209902728951683,-0.3489627687224034
-9.616289537067216,-16.129182493537623
1.5886858415243772,3.6753821992281415
-3.1078124764974664,-4.941195502403601
9.720015686985636,17.565893023806733
-3.4951380283497624,-5.597885218752141
4.503727136849031,8.66803578568473
9.997526478779665,17.730168774097983
-7.141815854974391,-11.941673765690705
-6.753211961343464,-10.992120134954327
5.448406501676313,10.370473244593446
-0.3011394058374748,0.444245611568184
-7.307925991801287,-12.135250420644995
-4.619497536209249,-7.533526230507347
-8.28301781478374,-13.601209375892543
-4.396994882912133,-7.056956457712018
8.059891268534802,14.510601195720419
1.8950474882871262,3.957565029158086
-2.397741744388049,-3.211392834744767
-7.668482094461282,-12.881385592698837
-8.930899988109298,-14.894671236780365
2.1302397824797623,4.240046937686106
5.851307405838135,10.567851844912344
5.949184640811273,11.230726153124989
2.8018720406901885,5.442465285332888
-2.3594950478958925,-3.6988863190438086
-1.0179175099001299,-1.2815932537326773
2.5585719597949144,4.834339288350388
-2.7829281214096113,-4.041087118571938
-0.048479580521185284,0.7222857312833532
4.314051803424801,7.9056610051649345
-0.5858330605984019,-0.32461326498262155
3.9104309769295718,7.6979756598736895
2.5389122365142374,5.337420721003303
5.142236609449126,9.526959321768114
1.596878748439801,3.2639512616977497
-8.284795542396886,-13.951669058285082
1.7655699248373118,3.7445995809222117
-4.853486284351454,-7.624161507289169
1.3671199836175152,3.1523981451535468
0.6228182277667216,1.8666906356754072
-3.663809408915526,-5.85766996529876
9.251732391642236,16.646261883343133
-9.215979066717026,-15.278239487588348
-2.7648348271314793,-3.9541697172863657
9.25064398485679,16.503905809461177
-4.0079100783992905,-6.081999964043168
-7.756957956449481,-12.920862985616049
0.39176043673883143,1.5449885564671022
1.3060079603387145,2.7983382808692556
2.3850970218074927,4.806276261915822
0.753146969357605,1.838169485679481
-9.540013825056183,-15.563693237103287
-1.300790261739433,-1.3003844642320856
-2.5563286992104377,-3.5183467761117893
9.76897940788244,17.71331943632184
0.47086407213534365,1.6598272391430358
-0.21415286784591103,0.1184901127002878
3.201789544246731,6.188924111143722
-0.6857683558509127,-0.38886086903665534
-8.495750593318059,-13.789438213046184
-4.932975553599588,-7.970361371073832
9.714101002912155,17.777655821092473
-9.623997101180144,-16.1875443109875
8.659709034803491,15.924597896739014
-6.295366705593899,-10.509525901173888
0.9345437813676334,2.191234989298399
0.29251898211225047,0.9515871555258412
0.40012568825311234,1.3788963578656892
-7.248005488604523,-11.662681971563236
-4.529867746445677,-7.4135657524530885
9.80881678902885,17.355828945735187
1.9540300979500298,4.3036241483694555
-9.882012801966004,-16.63565774457597
1.9030354123037938,4.207555136405856
-4.218965864695514,-6.8675719731188964
-1.968108523299069,-2.9424142479065045
-3.9402622636613938,-5.868375634615151
-3.9400802330124485,-5.907531863928032
-8.93955813007465,-14.870247617437112
2.025975054079179,4.373722768148965
8.886034573976936,16.23844433066667
-0.7099226546627193,-0.76778483594695
-4.120836491121582,-6.353918584800153
4.176411289605571,7.947011845497775
-4.645197126429825,-7.403503534526907
-0.8519836434944512,-0.6179858594055045
2.9454475383497787,5.7907160327715985
-7.180777562760419,-11.806460792167117
-1.2794448362457196,-1.2614602396878687
3.585116537809389,7.16924877213829
-2.8178858626344834,-4.175915625390936
6.239379561919385,11.311551999774624
6.933067926172416,12.707228225729203
-9.328907251370254,-15.378558028782468
6.2206871317217285,11.174081390397834
-9.72784621397867,-16.06608858693788
-7.497717627758105,-12.005926465717598
-0.5939419016259091,-0.3859573466303883
-3.0968776484543348,-4.669875029743357
0.44274115881428955,1.728685913443754
-0.09151730397388391,0.7029188036152645
2.627299014288784,4.9962706174430025
-2.3594169185223635,-3.6121434028949495
4.284429269345303,8.018367616900402
0.4216964142008255,1.378721195481297
9.029519831412301,16.24904871838462
-2.91800809206989,-4.283212318606621
-8.509409628300638,-14.031987252942285
9.768725346998789,17.61736013080086
-0.4802091081399915,-0.14526211564807728
3.255668979280383,6.417558438116224
9.601236954335029,17.165937990631072
1.747603230117523,3.858499116956039
-2.1903957897332615,-3.070646448527461
-7.334171195315003,-11.785178596550931
-3.234307453391345,-4.701265923744718
-0.474235924471035,-0.22683297240528708
0.0027671260492532213,0.5095223091675504
-1.5457308581772295,-2.1902520278908337
7.968590653655681,14.488069973291921
-0.6028669513460638,-0.09794174819941026
8.914816531852285,16.005406041078377
6.882029083246646,12.547567760341483
6.327460712900404,11.547248097147627
-3.545734964903171,-5.557650990113166
1.5512676101724843,3.583340754944533
5.288143674985694,10.097197721916666
-5.931611117609055,-9.713423858941963
0.2787506857345594,0.9503027377324899
4.921155713250531,9.243701783455146
3.7955162430277056,7.47576553398726
6.143794722612125,11.184838160649939
-6.651261723318647,-10.873184052479724
5.8201413569717335,10.477284061874725
9.053388834458232,16.08687080602366
8.198729706894163,14.80582404907266
-7.402499790193724,-12.001973703433382
3.9053164139301106,7.202879638493494
7.388043255012512,13.574217131107858
-6.743733545766116,-10.829807939305818
-7.55059859029489,-12.530472173882808
3.4619564757383348,6.8359483888777905
-1.5738862649619119,-1.9878985956297053
-1.7848884693552804,-2.6521171101761576
-5.496208602815269,-8.609673631572537
-0.25147265266499197,0.3575320896774498
8.250238798420533,14.756047518983594
-8.297091609565797,-13.554318431061684
-0.2091253322070603,0.07387041235704309
-8.773596036330709,-14.277058145285999
1.9275813268696158,3.964718521832231
-0.8778048494672763,-1.1025804232037308
-6.321262114287327,-10.526226672523636
5.427284356066602,9.806522018808694
-7.256582433113669,-12.04018647070272
3.013444277904295,5.622663055514522
-6.101293159985415,-9.868082465489502
8.363684142737434,14.941611750488315
9.308578671945867,16.913995379397548
6.356331234614938,11.644789626263611
-6.162694937871969,-9.9971986300019
6.22710892985647,11.301819486144257
9.209419484774145,16.686164728138923
3.31004419838818,6.290764159436042
-6.523540004970869,-10.777030546039116
-1.940501026004961,-2.4615588698636177
9.328099791608238,16.925906454240188
-7.1935322118387335,-11.60318891113926
8.38701642033411,15.32607110179585
-9.088796236570214,-15.161690746117184
-7.319904616081036,-12.137831535672762
-8.732367773526553,-14.339701426352766
4.9479913864082885,9.079629644838151
8.491041148932396,15.24466432499088
-6.164207397515195,-9.80239059347035
-5.937959513348394,-9.314847561522532
-6.856052258119303,-11.038933253200186
-9.393923086653079,-15.665015816657062
2.9405280314204028,5.945937031369944
5.329767349445804,9.807405915887989
7.706871451465005,13.734030907819642
2.0311015558517376,4.040257036953825
-4.3474020630837185,-6.662973302367853
7.9056785650232015,14.611802118851244
2.0633408133214903,4.499625837320067
1.4912980797763424,3.289393442442637
2.8122428043537155,5.459602285683274
-5.944640455512,-9.859257178689953
-8.194817684716572,-13.510305210497764
-8.631919180768824,-14.32697272908519
5.694635413518041,10.721443141266207
-9.37122186261103,-15.345105214017597
3.417999886997208,6.712554385392232
-1.6243503295574602,-1.8354052394082734
-1.2081183013556362,-1.6812237328566029
5.953064169856093,11.145211547169758
3.971105922972173,7.518595226076585
3.373211590978137,6.382168018141136
9.38335011007187,16.76398117592492
7.942283611080299,14.32647574489503
-4.344774821645374,-6.811028791852588
4.8815700142086875,9.39077386213227
-5.488721458996464,-8.880416510575484
0.7137863029739613,2.157574459580159
2.0860086626459484,4.371461836614179
-8.776542928878515,-14.382444621984016
5.913933389390877,10.651108992573377
6.505845269033582,12.105066863879363
-5.275914939999,-8.74172643681714
-8.66631468546064,-14.411970322659457
5.4189696339793425,10.03907752919375
7.26711247640408,13.1081098390233
-3.639304920749142,-5.895568490538949
4.721565831803007,8.57080909887379
-8.982228056364164,-14.935377995078685
-7.804325965743832,-12.939282565094452
-0.8415441688170908,-0.7891661573438943
-7.003462662164219,-11.494861127112973
-4.4162477097336765,-6.808209978370374
-5.843369644713194,-9.202596928900714
-9.639977297321206,-15.767310812000991
9.305766678774141,16.761544771334023
-2.815831293537993,-3.9866553488684344
3.9817860553750517,7.274975711215662
-7.861347394128435,-12.995922431484168
6.249531406352759,11.618325162746492
-5.166701474956918,-8.23592703428028
-1.5701203169104652,-2.0528225148584096
-8.753924961157855,-14.51822170253162
1.6149599422237042,3.4751388086810255
-9.2918679888685,-15.381623828971705
5.620945968746565,10.113440771778325
-2.856343411753639,-4.553512194851643
7.024276005889661,12.709324997471874
-2.139210024694651,-3.306979024231871
-7.251777810850248,-12.098385773221322
-1.581122445058762,-2.158311190369804
-6.871361844091524,-10.996605126236362
3.5196553567559583,7.023644893719266
-7.44965424960556,-12.400732858891434
-6.669470382906759,-10.703402900470438
-6.219834676500627,-9.992297808240012
6.026632058127433,11.24408274262799
-5.1569134119602555,-8.412982388614584
-3.358626403078966,-5.168267018902022
1.6019516867223835,3.7243588838279313
9.58677209917392,17.44369288873314
6.407584423472986,12.045454544685214
0.7450252364220749,2.118350052262195
0.892531406676266,2.141938816886046
-2.9895021444156678,-4.236486026694684
6.1657854219630295,11.18591284079667
-0.1551307577834926,0.7061828392095699
-2.4969086099205873,-3.7215475362597306
-3.6014877457888,-5.6695993913886555
5.795538000570023,10.81784737791407
0.6294089462989216,1.917220954093318
7.560678884879426,13.498142461245132
8.194557436955371,14.778809018394426
-8.971090700047053,-15.017277348528516
-9.873869740043904,-16.423086190517836
-3.9266963968280777,-6.302037820408677
9.281446541434988,16.79797118927604
8.601489110264843,15.550562244629502
-2.49822486001527,-3.517563583805638
6.75636949269682,12.339948974940157
3.1332650082460933,6.282484370566741
5.9858605752111345,10.97585156543206
1.9863301793276982,4.124290642967557
7.105809440061062,13.127582064475902
3.5579979540619817,6.911937629931734
-7.9156807245338845,-12.816994517510226
4.916745955854108,8.984448458577642
6.345587238244484,11.91780613613502
3.4927446057991887,6.67884931829674
-8.997494482969664,-14.725573083996522
2.621714726099274,5.420515250044302
5.7610811473137495,10.926797782713916
-5.70268305477287,-8.88811108448747
-2.4573325241046433,-3.3626330715158845
5.932677890470945,10.731703832565612
-5.620000900418862,-9.222752062611226
1.3394117394729843,3.1960154027134706
0.07304192436991741,0.9060847301429653
8.708444541745251,15.723102189322777
-0.5842639141429693,-0.4688047239669595
2.6894428506024877,5.430168152536748
7.803192308488953,13.908853189948776
-1.5442379174820005,-1.8154950496233575
0.24669944815924083,1.166924044730554
-3.7587941881063287,-5.624677735208651
-7.962404465528459,-13.239326884207793
-4.110481253934912,-6.297793372714317
-0.2513392843757032,0.3400779614620911
-2.2429572841516343,-2.9273177055364696
-5.400334392907801,-8.864923992821403
3.149418638811108,6.2641866739961305
6.620900258448682,11.928945407992618
-8.379317752351806,-13.721334324792076
7.900543885549524,14.19355885997072
-1.230982379321354,-1.2663349603593468
-5.189708833759634,-8.49071152709532
6.64002539678394,12.304016817550421
-0.0960292521412427,0.5483179408251591
-4.4377915999546875,-7.122736361798824
-3.091822760851124,-4.390342779225572
2.8617477541165908,5.468915635548822
-0.30238231317729003,-0.09679038789596169
9.84969503488163,17.525363153340972
3.361794707692935,6.712660677207998
-9.315686692684295,-15.170359920742614
-3.2318173696687964,-5.179996883050801
-6.504383703523144,-10.448589480692474
-5.917216625323913,-9.570725821526995
-6.999293412293623,-11.708725839286936
5.435434951505158,10.209053643821573
4.015655227564148,7.342385787565765
-3.2003366786532546,-4.647278989400884
-0.9472592015893504,-0.7481699901304303
-2.7924759703219078,-4.301531248568206
5.466390759669025,10.267815807079067
1.1483523721065652,2.7067390931149444
-0.4449857118548177,-0.21386818368122826
7.97488923762328,14.183452068794457
6.0143752266030575,11.079956641390872
6.051526602963971,11.401033905104017
-7.225187565177189,-12.10898485016779
4.790407389968493,9.198186808754743
-4.518709507036847,-7.3164120311297305
-1.1369225808000554,-1.3590857071436764
6.692072104421452,12.552907503881292
-7.5621159749156135,-12.307477792561679
8.69973285861786,15.798299700181456
-0.9616910907865268,-0.8339355411975333
4.8428172368489335,8.97276829725635
6.023774354053785,11.024976378166198
-7.258795815024211,-11.990130760473717
-7.308397956760717,-11.985903252544288
8.027185072643878,14.508225187540095
-3.7139397612263725,-6.02221085971562
6.076439232133161,11.083660995040706
-3.890548557464193,-6.282259529358411
4.892236356822192,8.881653702861453
-8.785504976397041,-14.585271874429147
1.834882940269262,3.6186314419947987
-5.765184048155573,-9.050569507958048
-2.710314015344739,-3.982167550244117
-8.294526207277265,-13.430778179995174
-8.658656968890327,-14.015621915710236
1.9611458074459787,4.3611225722414595
9.380770013893294,16.82590316802397
7.535935824356137,13.699394356734404
1.7016718728967106,3.8886928009435775
-4.620904535846718,-7.387199440978996
3.0143093757264303,6.040522211892565
3.7877501969944802,7.014068075389945
-0.7907423889225669,-0.7203693761716465
-2.8581741175342916,-4.452792317226315
5.862364957037212,10.99607620900376
3.7012751849392984,7.27079611087769
-5.630954976604132,-9.202431395342154
1.9264142126636088,4.0986841861668255
-5.950285364241921,-9.670858576815236
-0.9421755967739909,-0.9630901130273174
-6.343109471819255,-10.316806715136458
4.968511904606794,9.280356832434222
1.4948371758020684,3.2577902221649087
1.987169012673915,4.369555235607374
7.671504050009556,13.854798127534337
-9.136694175481539,-15.184766758227932
-2.126480635766126,-2.9805296537994304
2.0339813943734892,4.469759738190337
2.8723646528122444,5.352851644210208
-0.6192446205052882,-0.6409367617566546
6.020444374638249,10.907294848784362
-5.60886828109588,-9.213375563539078
-7.07375951895155,-11.335873928731438
8.162504169499812,14.519114439349364
3.7778158440592,7.133667096410342
8.736808938869519,15.955456888516279
7.955087520572672,14.23884788037019
7.961109196248721,14.70436218313264
1.5635408286680565,3.4020198370858665
4.117229063627869,7.877234062472541
9.865425399223962,17.961487146170604
9.96884274492831,17.691261390151695
-4.374156727639596,-6.620325170247008
7.138627139293121,12.97472234062942
2.3908633672904234,5.071938981096171
-2.673023075522032,-3.9326094373784826
9.718885281001675,17.514676424988284
-2.98985527295957,-4.611874887581809
-9.458061350857225,-15.507469508650503
-0.2713111397648209,0.03610693225933867
-7.845976217274675,-13.14906755677815
-4.143605445827932,-6.3115220891749555
6.880094567782528,12.835522173559868
-5.515191116463097,-8.82433020317009
8.338780699843067,15.127175629502828
1.9331301556484632,3.788015747224163
-0.9018558170895812,-1.0530893206062757
7.4799914828411715,13.50576408673434
-2.4498456813907783,-3.548746215669193
7.34141745329487,13.539025332403785
2.763512381946784,5.172080289051297
1.9548743144656395,4.247785334970401
3.569016612053167,6.625349933166228
9.304506471399787,16.9428948935021
-5.502605871850226,-8.741739022160669
-1.7119579202200068,-2.1899214738535084
8.11280928994902,14.936691705937557
5.7745169158951875,10.63063317345642
0.9145006027546749,2.128386920774144
1.7435703789937946,3.9387311064401773
5.756034703750956,10.587280120582607
-5.677943069932594,-8.944843047725005
-2.5674111023362567,-4.006225343262578
-8.895266883412505,-14.852754181216776
-4.764915796900977,-7.610470353072837
-1.6696101581597151,-2.0509466809598367
0.899424728550855,2.3652987171150577
6.635592742822713,12.4361140163135
-3.430731262551441,-5.1527437719188285
8.560542203881816,15.311513667095232
-7.85419148142271,-12.89785037428812
-6.98984052160974,-11.624605513460295
-9.291629024957421,-15.68478285354692
-2.7439266524710426,-4.207080792763952
6.02936527947795,11.151426642406406
-1.3624401556426236,-1.7374036040682144
-4.865849992598392,-7.5765948503429685
-8.615400006261861,-13.982111267269858
-3.7673394636439976,-5.874935161123242
-5.514617333790941,-9.132321295988579
-6.152859265853925,-9.895957448915953
3.982601530717334,7.748757924306083
-4.02770201826832,-6.4147415726966095
5.172918796486419,9.386754776889456
1.622953403906898,3.685039800345164
4.82264857419262,8.842258730141456
-0.8330470332609679,-0.8584829964255479
-4.786730333288993,-7.8306065389954
-2.226511631055388,-3.041873380742342
-3.5873620436985405,-5.542462901906655
-2.4785752333849036,-3.4227831142964558
-2.818905837582008,-4.31763535628326
-0.3295858980088813,0.08319529911962847
1.0816517389489437,2.3186544479430866
-2.2214911903182566,-3.1044866020573827
3.8866090314726556,7.194252423457321
4.496892326762916,8.241147150128143
-1.7359607801493748,-2.62208141202683
0.8258291503417787,2.272813360583904
-6.064605252692566,-9.82915196134789
0.1401162963004765,0.7094119532499116
-4.613446019829905,-7.236111342183136
2.9189458250972304,5.946235695884169
-3.531817029604536,-5.220869696188939
1.505254907765888,3.325045028416567
1.09702237915708,2.640499239457996
6.344516409914878,11.559320262927715
-8.606319417126846,-14.503921591655294
5.64555739745289,10.445075018741885
3.7341403582828576,6.909249677432674
-2.3749425467224334,-3.162469453453295
4.1471016718321,7.749828031602629
4.814354803675133,8.844743734966455
8.516754513643033,15.469105441319737
9.115510693155759,16.56418942853513
0.09707239150342595,1.0508719002340803
-3.065963584167422,-4.349656490554452
-0.77575002674579,-0.383724295491207
9.21634808457852,16.553334294933567
-9.33570902301641,-15.369653571821551
-0.5484823135926078,-0.37900044093590013
-3.003065410261774,-4.2695407093477336
2.7549261153903295,5.473790186898963
-4.433798454075837,-7.0982048541859015
-7.939649242403801,-13.055749190492943
-2.6116880235504203,-3.6553440385876756
7.11225278495467,12.82659403420191
-9.640915581152715,-16.13960018244115
-5.8146708869473045,-9.1273964194975
4.342636897368191,8.149447064795973
0.2917437870145747,0.9446792186796009
5.143517963418258,9.469519853732868
-9.300444865779198,-15.433812995324084
-2.9407636531308956,-4.312374100071767
-0.8383683760457288,-0.7514071147472099
0.7832759826040085,2.2582498242662914
0.5883996153184246,1.419795326703444
8.258207124673092,15.11908373612197
-6.307867593008119,-10.200185428917488
5.561410128911952,10.425132773284533
-5.837299604535557,-9.28914017495663
0.7173649768773949,1.8203590973802974
7.435308370310043,13.520773136886028
6.2112120714017,11.488042492176266
-0.3805009657559477,-0.24601998108049386
2.760598748484803,5.67627803016037
-7.5874410124219915,-12.254898618385447
5.890726678466553,10.973940160461646
-0.6399547069091476,-0.5353289683684223
-0.9956053734046115,-1.0247388058547393
8.362287260449218,14.97641436683249
-3.130793968858409,-4.4957715854412665
8.21718807015499,14.962573484932657
5.405210740531498,10.09350656692307
0.8783072230078854,2.0477176802530157
-0.9727315578493805,-1.0350879212645148
7.3069582853291415,13.5584177887212
-2.393013288530639,-3.5535102283793862
1.827362505385917,3.7974189572497865
-1.1813716856366803,-1.263130534945222
2.184133434578774,4.473886953483006
-5.408897088416669,-8.717072984261101
-7.626776241196485,-12.693536137003864
-2.370528415857036,-3.2919581711778108
-2.766990268599767,-4.341423312364841
7.464967174926954,13.484657328461262
-0.7241542744037499,-0.8345136556779683
0.7149110732266291,1.6364057060513233
-2.12960512221938,-2.9319307636875522
-3.887218496314537,-6.301003565051721
7.259595331617355,13.047060519086912
2.6415878852516776,5.226038189086263
-4.905877382894499,-7.869690722096458
-9.741393074256944,-16.087330442724827
-4.654701175088485,-7.196994326231085
9.347690750975385,16.714070007480164
9.733280878707824,17.71820714810899
-7.27268043226821,-11.746122368190642
-6.96057904596191,-11.374233974727463
9.230857243190119,16.36942687576336
3.178868052119874,6.106966665377148
-8.766847056040417,-14.552999745595896
2.3416272682981187,4.706204521577859
-4.458875097238801,-6.9422692684711045
-8.87606244105628,-14.562913646629147
4.369433051893232,8.11724102343788
-1.4030131119612026,-1.8213721306919308
-7.482945604258817,-12.438100916524215
-1.7870743362260573,-2.3199594089282343
-0.5844348409363995,-0.39204110080345844
7.886265512647498,14.60860820937676
5.214281552956393,9.611245200692215
0.7967955627009147,1.9728698109070468
-0.6133052025303787,-0.6470758733904892
-5.947180258426641,-9.800025295481829
-4.643260190305143,-7.437382008453356
-2.9231202853209393,-4.150158787275193
-2.8580700029258566,-3.9905396637363335
-2.8308644121421755,-4.0687895334946225
5.601887020125776,10.155336107096838
-4.7934893101484715,-7.8975006171397695
1.21656438530335,3.0055504091896172
5.3521741589146,10.066362145283591
-9.792221571460416,-16.48989855052656
-2.1144160087759563,-3.258850811097119
9.792298877577643,17.492382684875796
8.99277921600136,16.01936369958144
3.2256776778659457,6.361609585100811
-7.903235445865215,-12.982698857380248
6.662209078269509,12.196777535254869
-6.443804795851191,-10.766758709102248
-6.286424729709827,-10.181132841681613
3.9595289174883934,7.8268779482982564
-8.94513162741374,-15.038044682891615
-2.6381911250099677,-3.8701831736848633
3.092219887340196,5.872447714579959
-5.079658157316633,-8.304449389672184
-4.177189866745461,-6.681235295687374
2.283785603901901,4.6289098129866355
0.4967840566857902,1.4260144966832398
-2.897764563646062,-4.219340635138048
-8.596624223247433,-14.220140649089931
-1.3595996774270187,-1.6997478843819447
6.4500069067213595,12.133229104139586
-6.392241035523929,-10.213394094439066
-6.002747265585535,-9.968820816717592
-3.4342560514905625,-5.049337246443583
3.7935302786670917,7.1024634587898605
-0.12596801454830775,0.4300576706228257
-9.07741131541796,-15.03250994980525
7.776236727266014,13.833471864985189
5.291248838434033,9.948719992939834
-1.2804654445193826,-1.3646852468610782
3.4520268744638933,6.396824442158344
1.7878051138493767,4.067476693948963
-0.028021025454517456,0.7070891116947668
-0.3799528965983967,-0.06531316454114988
9.968138315976141,17.82771500010601
-5.4420435461656735,-8.71120444812171
1.0836831099248343,2.443903288403371
1.8143013229974976,3.9010588376435127
4.739579969748924,9.030754910230268
-1.5236950773537128,-2.2430572314409774
9.108459404649196,16.503241474334477
-1.0068229433004898,-1.1547864410391064
7.694499403088315,14.27744284392714
-1.6666612558580454,-2.3331347046035007
2.1677017078060246,4.470910292643281
-6.377678947446313,-10.136793117929262
-0.9531199529274037,-1.1169992748309958
2.4839353395358366,4.875119986178522
5.0654214462020715,9.436106237166722
7.0353192536654845,12.681148454779446
1.525389256506669,3.372174052309058
1.15132241613267,2.5813754926000887
7.936923660771811,14.175372963792688
8.393987842420913,15.49216700395378
-7.947109520344844,-12.871230228483284
4.9422800529409034,9.459941086360848
4.763769434738078,9.033251712543553
1.3856157910427633,3.062158167931465
6.879903237234032,12.845097274188172
-0.09746367879645845,0.5414339010228395
5.046055960784033,9.639683417284699
7.872137648033,14.393565893377636
5.6847386452455275,10.606617554216765
6.390714094849898,11.771489070490064
7.808675932649944,14.020043259323197
-0.07844832239378441,0.6473004996390025
-2.0817401016814108,-3.2172125019754656
-9.295182133940536,-15.107538950283596
9.0115561878169,16.003110764323786
4.426811113890242,8.428335789015295
-0.3408994038177937,0.2059483014987203
6.837181728461225,12.798991301542129
-9.15492423732874,-14.863629778378716
-4.9510738099362905,-7.6849158002415425
2.843654833486365,5.410708830491027
8.060742720549548,14.627927887971921
-8.5903879956808,-14.366674604580332
2.9772237023159693,5.562799557820091
-5.130671901027355,-8.369874787084992
-7.566766704262218,-12.607132555353367
4.853438297774812,8.96931731207796
-9.833280248448233,-16.166761636757144
9.118280027995077,16.417393637440117
6.210637914596141,11.261249887391076
-6.393781495344511,-10.325448266181398
-7.436484620736714,-12.475673059028022
5.195604167733325,9.584136547900767
3.191633120978757,6.339899291328729
-3.1111495492702375,-4.893537931647776
7.368519605885318,13.336626329508983
-9.573712811304649,-15.974502426157207
-4.456623798226467,-6.81471539675388
8.426963348463886,15.041199116821641
5.646077075284348,10.370313966593885
8.439513448944577,15.137031968428845
4.798389700107231,8.881066540094194
-1.4184460281883045,-2.0257345132564835
-0.6938450327275785,-0.45816571097014525
6.660251902659404,11.987724906076204
3.519653545981365,7.0327201413625415
8.871411042146889,16.19511061668925
-5.309068233288945,-8.434611544830386
9.110593475484045,16.47526292833046
3.4965721209106544,6.872726431200691
-2.4722536730669624,-3.681848145698185
-9.646195910129666,-15.888859569530828
7.581806054391453,13.988255379018039
7.346934790897194,13.24415351763058
-3.7282392435413403,-5.692693931555104
8.465882130751623,15.03893358493285
3.8132010123285998,7.547494925361658
6.233425344746827,11.326130953127976
-3.3139592262138624,-5.16744509826832
7.55750879099153,13.937684757595344
7.336756121990096,13.600745499087136
3.7408328162535227,6.987859923085605
-7.620389212211947,-12.729253133702409
-7.041252911833331,-11.385250324911734
7.370999588202018,13.427567524186454
2.4020505786149453,4.978270194278157
1.5854609881573651,3.1961212791324396
0.7068204370162441,1.944036744314222
9.993358415613315,18.0670593857796
-7.023439772347755,-11.411231222354433
-8.351532669846296,-13.671439797805489
-5.0782052584766335,-8.150890241067382
4.590960389960985,8.771864822207064
-5.502171400967639,-9.126387638422203
0.4113429947586198,1.4810470330409347
6.239220090029146,11.701569817767824
-3.022888232587686,-4.7919307524711305
6.544890735499418,11.871203932009834
3.5152400285099645,6.6348028601646485
8.082530472798336,14.383678302718232
2.2630821111722454,4.389334261913137
-2.3028294794226856,-3.357669913295096
1.2755061833917498,2.6122851721361244
7.781265307795543,13.920626930030755
-9.865806651608954,-16.477494016911812
-7.8860253402690095,-12.961869610603491
8.029918954669505,14.45807325713114
-9.300540035618713,-15.267112301423419
3.2834561616406344,6.512728561908721
2.1084852783641512,4.364072231519861
3.0632733740816427,5.770766475538136
-5.851934581889518,-9.263275144574964
-3.2934425848336684,-4.86394614343199
2.559680613780051,4.853236983922139
1.0982233443268345,2.7154679075618673
-4.669461062841043,-7.139312640041518
-9.96487241902377,-16.76041588116606
6.990500906100014,12.964992036688592
4.5791740624897574,8.844727672994257
-0.06857910733446992,0.3083976447039599
0.8942067099019617,2.1236236077566524
-3.499740887953571,-5.618293366373772
-0.8149847392187386,-0.48638389619860056
-3.6204632039748885,-5.828241750757739
6.865936908241675,12.561487029494804
5.999116854430104,10.943842842370389
4.509873764881064,8.782037968496999
3.1134196146912743,5.854167410701735
3.3557374288817616,6.64575083017811
8.868496103913365,15.86967622309916
9.998621884863468,17.84911252065558
6.4607100771249435,12.02307371041991
-8.368722272384296,-13.522944309431454
3.4345325239844833,6.485739504442568
-4.926065090510889,-8.065338105231861
-3.2464884707407844,-4.96488436813839
-5.8434922090861185,-9.539832469247454
-8.13362285768404,-13.17418869985018
9.82312827018994,17.64998150818496
3.110751984139961,5.858441714993106
-5.119307517282392,-8.180906016821568
-0.8059390079827935,-0.8186686986043996
-1.9047065660361877,-2.8099879055313948
-8.327101039335636,-13.83447063672628
8.961040793201104,16.150457936569463
4.1799388097409995,7.993687217395303
3.8250527562376817,7.5850384027348445
5.956251640869748,10.738968262820942
-2.9759079499281267,-4.24560005178938
-5.5473195211983395,-9.149802204341409
-6.821067280891748,-11.010085285772403
-7.132219304619047,-11.630666698706737
8.14905033314406,14.548634828280312
-3.6167661601866996,-5.761051244983012
-7.988479926508596,-13.164427720893574
8.044805220947485,14.780057405681651
1.0244441933939576,2.5366474813437034
6.534690659682209,12.003028778402498
7.297801637667991,13.19432346275073
4.999295390949667,9.077635840176534
8.4591269556256,15.190661665234881
1.5122293829052893,3.244409168266233
-9.387045804376424,-15.502714010160066
-0.51849679903391,-0.03552941973482987
-4.456414131765416,-7.278616278392507
-4.599435746708478,-7.212935152988727
-7.0650853042195845,-11.639881839456159
-0.5417418550034618,0.038985815535026225
0.37077758870380073,1.149996585017132
-6.496774446909328,-10.287736016207813
-6.505678191117051,-10.452811027112206
6.066719135871878,10.98334414896716
4.992673363156253,9.21324248846288
6.188446361443166,11.343411214707283
-1.4598964934432086,-1.906899922463211
-8.824688729823828,-14.711047287512727
-2.1545690036252463,-3.2009767053010774
-6.513515740178311,-10.46409079924213
6.118017437062502,11.344926124052163
-7.783653850327845,-12.824481864863834
7.219705704758898,13.25465318781133
3.943582131961721,7.789046195507001
-7.620986649296855,-12.590703352980436
6.033838366828203,11.312797502774808
-8.806332863716882,-14.840156770890147
-8.032809376553892,-13.182640455702115
6.071713640287545,10.897950482580097
-6.083969919393111,-10.089941314866298
-1.576540062229249,-1.9296647939188245
9.435604143933173,16.832567496527908
-6.454614411024919,-10.300737098864003
-1.3337457067614622,-1.427264389976322
-9.042403904484777,-15.032098350932774
0.3534900745144771,1.5010647732033227
6.846489922769525,12.28239550010084
2.2904823848667117,4.5135224409427455
3.7974523256993464,7.273182036399273
4.715968139803362,8.797853075784204
-1.5504495443533468,-1.8256580426995848
1.2201410593099293,2.805329186377975
-4.855863850759244,-7.9658941185617165
-1.703446106241259,-2.240857574801559
-0.5721130003442898,-0.4576815154946724
-6.1615187971134855,-10.216498501218187
-3.5727194218716507,-5.315706612079258
6.518950063869362,11.988599203009391
-3.864743010365035,-5.732626391863752
3.8433214786522427,7.436391045275558
9.3454209069473,16.71592988695731
-4.3404035579909195,-6.8399333497815515
3.259613984368979,6.278274203084127
-8.56934049148977,-14.367660263013358
9.789075404761277,17.50972715036904
-4.738913381485011,-7.796160527447364
3.3935018867843603,6.519409448713104
2.312098951190203,4.950592396644796
-4.536177691046115,-7.30560913371509
4.335989436129445,7.932115783793216
-3.879543100875349,-6.095064657237752
-4.843104977772777,-7.915975929561403
-9.316814694694035,-15.28657167412325
-5.280665170588767,-8.404978845504102
7.385514082742194,13.22444218973674
-9.009470413622047,-15.110297533942266
3.8749109645536013,7.3877403681590845
1.1200502846411258,2.624703969590958
-7.904811857953177,-13.250910521125705
-5.898447392543833,-9.407425564306779
-4.546453026363335,-7.3275016322742585
-6.4156453036879775,-10.300117689473852
9.663684423362536,17.632317756835292
0.49652671048034946,1.7877807460888628
-9.875823809699966,-16.460611234509035
-8.598832288571947,-14.47823098943571
9.467769868703403,17.32463512331522
3.055503619295923,5.863040218202092
3.585649741056905,6.840050852482327
8.645719000454271,15.680648086527748
-4.569823860578297,-7.141763727258059
9.902063544294617,17.594132717228803
-7.038117450931363,-11.711424571104224
9.550339109891606,17.236516459636377
6.387243631210236,11.747161568171565
1.5293190445332812,3.3121887588456183
3.615321621202405,7.1342876239633455
-4.530570767973603,-7.025625636646111
-8.902715092838251,-14.574768042269598
-3.4468572762995624,-5.466787882826955
9.839836384468093,17.94243970427917
8.235662020064026,14.716560782549344
0.8636242865419632,2.1955171231819444
-0.42059898282736796,0.16489921084854564
6.452824906512653,11.954377946817988
8.893639153057965,16.175058723172874
-7.41903844916987,-12.092165406037095
8.067955883100456,14.605296324040784
-0.8212372812900863,-0.7100614791595927
-3.254073774583497,-5.041149445456671
0.35736107961879604,1.3806867257050777
3.3228305767911603,6.374576693785391
-8.953490019329822,-14.843557294711472
8.97592132838901,16.049496693945795
0.6718157776017364,1.8857551775991757
-9.885795398923987,-16.41078396512615
-3.156916530495801,-4.7446206277924095
-2.2483630073728573,-3.051850799091209
3.22019399988722,6.396672037713073
-4.27615730441147,-6.476733324919986
-1.047276822912444,-1.1226542584848178
3.0282821140493343,5.854890951207335
6.529766243489373,11.68479569850303
-9.89445525255054,-16.47723828424826
4.940383631625336,9.079932117501826
0.004855990548238154,0.6085277803537937
-6.360019828206129,-10.428339458561519
-4.905313577341534,-7.990483279054549
8.254895015113735,15.242697347870722
0.3653336184227012,1.4523884748397555
-4.39293633293683,-6.683206431565828
7.448030404611117,13.771494282305257
-8.176954816664795,-13.171983990177871
5.6814339038928345,10.281518397512801
2.1270348701090107,4.18464311025801
3.4058743463161143,6.536242995665148
7.997092676846446,14.80287872644385
-3.3320558320617337,-4.931507932784211
-5.435248032543609,-8.916603450721752
-1.4625711963949488,-1.9195461221897046
5.949215408404546,10.78660273746838
8.416889638211643,15.045654236369609
-9.809013895726501,-16.235666977113898
8.167600988140219,14.926515163935628
-4.372362264575647,-6.963955323574089
1.6571806085442873,3.4939070997701123
1.5009727505392867,3.256992738142939
1.1500539619913024,2.4263990153694666
-0.3226373326405323,0.1796033035737779
-9.827249622883542,-16.475738534422632
-2.973595983327093,-4.246697589198041
5.046945752131846,9.336675498658426
9.683201512847148,17.40890803360184
2.003924921726126,3.9197424905410685
8.756714819918045,16.10926220709413
-8.206373632139954,-13.765602956296872
0.18952788108947694,1.2062429561849348
9.369076908089678,17.019317544329645
-0.4274194435653893,-0.15565072187457346
-8.566400232200863,-14.199996486663686
-9.909372277097946,-16.59988741614752
3.315373306283295,6.582974442382281
-5.850041215921548,-9.67776981470567
-2.902191792451349,-4.288795374746963
-5.849337674319511,-9.503240603975211
5.209029498706617,9.835605012780125
8.684178370549944,15.968262278738322
2.300522311379522,4.881885671819235
5.108796124846709,9.787995976082493
3.1408818058572834,5.878549708173684
4.626748313854632,8.65559129623409
0.5721612885616949,1.7214265534760647
9.894418708417742,17.82949301953458
-2.590871046395346,-4.007837592881645
3.1839448260312437,6.239439712810842
-2.3567130672891645,-3.619313986524482
6.57524621305032,12.303560950274646
-3.4283255940508557,-5.181175969937061
-1.9633059909737938,-2.7949932660883663
0.3676602700178151,1.1506686243008097
9.924660801002819,17.66318411659405
9.35348546073946,17.127498341168575
0.665694145214303,1.9836623641076967
-7.706333410052942,-12.825312688454202
-5.597122263200076,-8.764887637493274
6.574823135520326,12.160223483416567
-2.0705856880080376,-2.735420971721858
-7.651158560670992,-12.7817205364937
2.543276137872134,5.004551796186636
9.69570741236048,17.351893586433725
-3.1482167713482223,-4.761446134438685
-1.407145513375351,-1.5388168369963346
9.665939625060606,17.627284203856192
2.493228267117292,5.194239379565084
-7.389271763673886,-11.909359861850868
2.80962607899391,5.507764646540275
2.105714845888656,4.1364467990389215
4.0665153680551285,7.591321138608409
-3.5130459524753093,-5.460933948996996
2.973576086680529,5.6175691769665965
-5.0199843862549915,-7.785383203565231
5.937922262073794,11.21371134680406
-2.1319307451251968,-3.057926024357759
-4.760486490530232,-7.649256247390688
-8.612943750604229,-14.261635149907374
4.035654794640671,7.609524805732236
-4.9827295356438555,-8.108809288428489
-8.059294244181274,-13.502972258625801
-0.8579223026399934,-0.9350720257886774
-2.6933710327695266,-4.056914916239931
-5.623151179411108,-9.204312461415675
7.703625430921338,14.075694472754003
-6.649554774663946,-10.67306650326921
-2.6955800676349355,-3.8742722570363775
-0.14351596747787632,0.48687141330604133
3.4927208362751045,6.88554728578244
-8.805148276573851,-14.52183588116048
-5.691529581266583,-9.039615826155604
-3.8075230964764994,-6.16723949548464
8.559245799449286,15.294597637037823
9.954403175598664,17.794596334564616
1.463375219738495,3.2432642371868288
-1.996546320250479,-2.4860186918292966
3.295877550837359,6.131719541677906
8.839953265173392,16.078821567537233
1.4761655791452633,3.4383805312750066
1.0364844235665611,2.5623803478970326
-2.971915804439835,-4.373451189090778
3.086346496647554,6.20506754386059
-3.3655378333106256,-5.0853915749513465
5.2079443013779425,9.574605630395968
-2.1680652760714425,-3.2928855956889143
9.09003026395601,16.657050829212306
-7.814170808823078,-12.902561716494906
7.312538145054145,13.34797658135393
3.429598708286301,6.6599331792454795
-9.763705349724159,-16.25539492802881
-2.8994818425243674,-4.4693989519660695
-9.364739525630474,-15.348397946138558
5.10256335258369,9.550442629495581
-9.248921578712377,-15.38667650480416
2.110350484480577,4.077643709126143
-2.5695715189052626,-3.5115160114552824
-4.323218528806492,-6.926987966611483
-7.429155060703048,-12.250931633929886
-8.402385471879718,-13.826419894056993
-1.7833610859321283,-2.3123689226643958
8.88644456867996,15.871990403621856
5.291643609369354,10.001042030405303
1.3668818099058182,2.8600616942531563
-7.981878394635229,-13.245241185862342
7.598057765977909,13.805391884020805
4.3800000265901,8.277209552152794
3.8911134806492154,7.246141582087979
5.884398552773401,11.095440367123908
0.6518754106539486,1.7229406868922643
7.356101530952337,13.371604085830732
2.799563637784699,5.528121745329881
-5.319599843557663,-8.674522293393553
-7.398160564957957,-11.896030788933409
7.721518606907722,14.236339399595511
-2.8639506199606846,-4.053064471185509
-6.86242266340817,-10.956015710817029
7.973987982326399,14.521387599735096
-9.795178595379339,-16.369933061181687
7.352154918076302,13.319985752489819
-0.05069813456812078,0.568313642560672
-1.1012715847607613,-1.4146695333039103
-2.4078085213470057,-3.5523234541861184
-8.115146317034581,-13.373139849355795
-9.174091244158218,-15.175248004363013
-3.7359697944948405,-5.7362242518155835
0.7369854204856061,1.9573137465352928
-8.784679002952988,-14.380925915681633
5.60076553917197,10.59620364126167
2.4860933875837645,4.71616531276813
-7.113933454526817,-11.483812318204322
5.170716652632583,9.592925851848078
3.0008406714949576,5.883252968957585
-9.684700886309903,-15.973682243087746
5.604401874077068,10.48455417676823
1.4007531666156723,3.0491401212467206
-3.533418069104261,-5.331985904089965
-4.846126717890233,-7.948334042354945
8.752384614541985,15.69566689996648
-4.94661577030336,-7.988845892884559
-6.560435679482159,-10.481091984014189
9.22367610486598,16.682845708367985
6.344168869930922,11.449262558040012
-3.5582381540774595,-5.392259288678505
4.296044875144272,7.879767200457125
-7.9897199089521,-12.946798295347058
-7.731868108104707,-12.744267460600966
-7.989264974408059,-12.989543191728572
-0.3057553609536168,0.1676242911481564
4.345160270699669,8.2952949085539
-7.195281031970477,-12.039013974908762
-3.2214282150417635,-4.909192855542476
9.654738229099042,17.62563298791551
-7.9207539205861295,-12.907400145012886
-6.618825184204131,-10.478571889589436
-2.508430697801982,-3.7038105039764995
6.184650161624109,11.355353344449716
-1.7821808983399574,-2.373305350149163
-1.3793569953470293,-1.9954814361087434
5.66034077015512,10.378662589362316
4.291068697643599,8.271398564476371
7.722522246394572,14.305080521090458
7.694930711564016,13.865334600832993
3.789961765467279,7.11103095529855
-4.0061624901209525,-6.2226713105483675
7.5533849543512055,13.53030066278227
-6.24435865655395,-9.925964228402977
-9.782463037089181,-16.22448030803758
5.96346123416855,11.024903553560563
-7.799290367683486,-12.549845628109942
8.125295791333858,14.670540878617954
1.729788470918546,3.7948155530265786
2.3507559724626788,4.548858361360235
1.3027185394011305,3.093564304931442
-0.7765711296941049,-0.5066720857728715
9.61033733933159,17.59140199776001
-4.837407567695438,-7.509237119532181
3.928555601667732,7.3010010509790915
1.57531202973464,3.4101710521976765
1.586978320269619,3.2195386339945555
-0.1772964997221571,0.5698162274365923
-4.5704120829863655,-7.239619730486853
-8.957630120431686,-15.106354803806937
-4.808976709775658,-7.83446779265545
6.509267688673365,11.650037356750094
-2.5909117520997693,-3.766820944193126
7.845597605288738,14.466145766484038
1.1632900906964778,2.7327548972378293
-6.877140928212073,-11.196933280763815
-7.473262482774974,-12.472745538359511
8.731897095035201,15.967080926223513
6.746319879419971,12.526077344678374
2.9388093885504674,5.5390326392463
-5.616402125260695,-9.237181873828138
-3.6121995366036863,-5.819033880208949
6.754850172263783,12.292994593881602
3.3697473971380383,6.519970462553077
3.735315748554033,7.062051314187776
-6.844921565623401,-11.284768273470714
8.50110703716765,15.100972269988011
1.5860495771144496,3.1587037871634713
3.462997985926968,6.812741859562745
-8.901016385308205,-14.65069507426441
-6.593357598310843,-10.526053394341549
2.6266574365779647,5.360792852938177
9.394361656533075,16.906796096642594
2.047320579635457,4.189656688740643
7.398605509411791,13.719485275237783
-0.16185031380118353,0.33439395089813045
-1.7075780634590743,-2.094535741696165
